id,order,slug,date,category_en,category_ja,keywords_en,keywords_ja,title_en,title_ja,excerpt_en,excerpt_ja,body_en,body_ja
RPJ001,1,mental-clarity-input,"May 2026",Mental Clarity,メンタルクラリティー,"mental clarity, overthinking, information overload, focus","メンタルクラリティー, 考えすぎ, 情報過多, 集中力","Mental clarity in the age of too much input","情報が多すぎる時代のメンタルクラリティー","How to separate information, emotion, and the question that actually matters.","情報、感情、そして本当に考えるべき問いを分けるための考え方。","We live in an era of constant input. Emails arrive before we finish reading the last one. Ideas pile on ideas. Decisions wait while more information keeps coming.

The problem is not that we lack information. The problem is that we cannot tell which information matters — and underneath all of it, we often cannot find what we actually think.

Mental clarity is not about thinking faster or harder. It is about creating the conditions to see more clearly: to separate what is a fact from what is a feeling, to notice what is a repeated loop versus a real question, and to find the one thing worth focusing on next.

The Red Pen Journaling method starts there. Not with answers, but with space to see the question more clearly.","私たちは常に情報が流れ込む時代を生きています。前のメールを読み終わる前に次のメールが届き、アイデアはアイデアの上に積み重なり、さらに情報が入ってくる中で意思決定は待ち続けます。

問題は情報が足りないことではありません。どの情報が重要かわからないこと、そしてその全ての下に、自分が本当に何を考えているのかが見えなくなることです。

メンタルクラリティーとは、より速く、より深く考えることではありません。より明確に見るための条件を作ることです。事実と感情を分け、繰り返すループと本当の問いを区別し、次に集中すべきひとつのことを見つけること。

赤ペンジャーナリングのメソッドはそこから始まります。答えからではなく、問いをより明確に見るための空間から。"
RPJ002,2,why-red-pen,"May 2026",Method,メソッド,"red pen, metacognition, self-review, journaling method","赤ペン, メタ認知, 自己振り返り, ジャーナリング方法","Why the red pen changes how you think","なぜ赤ペンを使うと思考が変わるのか","A practical look at review, distance, and metacognition.","レビュー、距離、メタ認知を使って自分の思考を見直すための実践メモ。","Switching pen color sounds almost too simple to matter. But the physical act of picking up a different pen does something subtle and important: it signals a change in role.

When you write with your regular pen, you are expressing. You are in the thought, moving with it, getting it out. That is the right mode for the first stage.

When you switch to the red pen, you become the editor. You are no longer inside the thought — you are looking at it from a slight distance. That shift is what makes review possible.

Metacognition — thinking about your own thinking — is a trainable skill. The red pen is a physical anchor for that skill. It gives your brain a clear signal: now we observe, we do not just feel.

Over time, this becomes easier to access even without the pen. But the pen is where you start.","ペンの色を変えることは、効果があるには単純すぎるように思えるかもしれません。しかし、別のペンを手に取るという物理的な行為は、ある繊細で重要なことをします。それは役割の変化を合図することです。

普通のペンで書く時、あなたは表現しています。思考の中にいて、それと一緒に動き、外に出しています。それが最初の段階に適したモードです。

赤ペンに切り替える時、あなたは編集者になります。もはや思考の中にいるのではなく、少し距離を置いてそれを見ています。このシフトがレビューを可能にします。

メタ認知、つまり自分の思考について考えること、は訓練可能なスキルです。赤ペンはそのスキルの物理的なアンカーです。脳に明確なシグナルを送ります。今は観察する、ただ感じるだけではない、と。

時間が経つにつれ、ペンがなくてもこれにアクセスしやすくなります。しかしペンがその始まりです。"
RPJ003,3,reflection-self-leadership,"May 2026",Leadership,リーダーシップ,"self-leadership, reflection, resilience, decision making, burnout","セルフリーダーシップ, 振り返り, レジリエンス, 意思決定, バーンアウト","Reflection as a self-leadership skill","セルフリーダーシップに欠かせない振り返りのスキル","Using structured review to observe your state, make better judgments, and build resilience.","自分の状態を客観視し、よりよい判断、行動、レジリエンスにつなげるための構造的な振り返り。","The most effective leaders are not the ones who always know the answer. They are the ones who can observe their own state clearly enough to make better judgments under pressure.

Reflection is not soft. It is a precision tool. When you can step back and see what you are actually feeling — separate from what you are telling yourself — you make different decisions. You communicate differently. You lead differently.

The challenge is that reflection, for most people, stays vague. It becomes journaling without a point, or thinking in circles without landing anywhere. Structured reflection is different. It gives you a process: write what is present, acknowledge what is real, review with distance, and find the next honest move.

This is what self-leadership looks like from the inside. Not confidence as a performance, but clarity as a practice.","最も効果的なリーダーは、常に答えを知っている人ではありません。プレッシャーの下でも自分の状態を明確に観察し、よりよい判断を下せる人です。

振り返りは柔らかいものではありません。それは精密なツールです。自分が実際に感じていることを、自分に言い聞かせていることと切り離して見ることができれば、異なる決断を下します。異なるコミュニケーションをします。異なるリーダーシップを発揮します。

課題は、ほとんどの人にとって振り返りが曖昧なままになることです。目的のないジャーナリングになったり、どこにも着地しない堂々巡りになったりします。構造的な振り返りは違います。プロセスを与えます。今あることを書き、本当のことを認め、距離を持って見直し、次の誠実な一歩を見つける。

これがセルフリーダーシップの内側からの姿です。パフォーマンスとしての自信ではなく、実践としてのクラリティー。"
